순위,제목,아티스트,앨범,이미지
1,Love Lee,AKMU (악뮤),Love Lee,"//image.genie.co.kr/Y/IMAGE/IMG_ALBUM/084/181/610/84181610_1692585955705_1_140x140.JPG/dims/resize/Q_80,0"
2,스트릿 우먼 파이터2 (SWF2) 계급미션,다이나믹 듀오 & 이영지,스트릿 우먼 파이터2 (SWF2) 계급미션,"//image.genie.co.kr/Y/IMAGE/IMG_ALBUM/084/193/518/84193518_1693904065753_1_140x140.JPG/dims/resize/Q_80,0"
3,Love Lee,AKMU (악뮤),Love Lee,"//image.genie.co.kr/Y/IMAGE/IMG_ALBUM/084/181/610/84181610_1692585955705_1_140x140.JPG/dims/resize/Q_80,0"
4,NewJeans 2nd EP 'Get Up',NewJeans,NewJeans 2nd EP 'Get Up',"//image.genie.co.kr/Y/IMAGE/IMG_ALBUM/084/019/740/84019740_1688692234715_1_140x140.JPG/dims/resize/Q_80,0"
5,Seven (Clean Ver.),정국,Seven (Clean Ver.),"//image.genie.co.kr/Y/IMAGE/IMG_ALBUM/084/048/666/84048666_1689299278760_1_140x140.JPG/dims/resize/Q_80,0"
6,1집 Alone,박재정,1집 Alone,"//image.genie.co.kr/Y/IMAGE/IMG_ALBUM/083/748/133/83748133_1681960235531_1_140x140.JPG/dims/resize/Q_80,0"
7,NewJeans 2nd EP 'Get Up',NewJeans,NewJeans 2nd EP 'Get Up',"//image.genie.co.kr/Y/IMAGE/IMG_ALBUM/084/019/740/84019740_1688692234715_1_140x140.JPG/dims/resize/Q_80,0"
8,GAME PLAN,전소미,GAME PLAN,"//image.genie.co.kr/Y/IMAGE/IMG_ALBUM/084/127/432/84127432_1691456003174_1_140x140.JPG/dims/resize/Q_80,0"
9,I Love My Body,화사 (HWASA),I Love My Body,"//image.genie.co.kr/Y/IMAGE/IMG_ALBUM/084/234/731/84234731_1693970271938_1_140x140.JPG/dims/resize/Q_80,0"
10,I've IVE,IVE (아이브),I've IVE,"//image.genie.co.kr/Y/IMAGE/IMG_ALBUM/083/665/559/83665559_1681116738103_1_140x140.JPG/dims/resize/Q_80,0"
11,사막에서 꽃을 피우듯,우디 (Woody),사막에서 꽃을 피우듯,"//image.genie.co.kr/Y/IMAGE/IMG_ALBUM/084/030/640/84030640_1689068777071_1_140x140.JPG/dims/resize/Q_80,0"
12,I feel,(여자)아이들,I feel,"//image.genie.co.kr/Y/IMAGE/IMG_ALBUM/083/810/194/83810194_1684117368811_1_140x140.JPG/dims/resize/Q_80,0"
13,신사와 아가씨 OST Part.2,임영웅,신사와 아가씨 OST Part.2,"//image.genie.co.kr/Y/IMAGE/IMG_ALBUM/082/322/594/82322594_1633671778123_1_140x140.JPG/dims/resize/Q_80,0"
14,NewJeans 1st EP 'New Jeans',NewJeans,NewJeans 1st EP 'New Jeans',"//image.genie.co.kr/Y/IMAGE/IMG_ALBUM/082/842/800/82842800_1659340238924_1_140x140.JPG/dims/resize/Q_80,0"
15,UNFORGIVEN,LE SSERAFIM (르세라핌),UNFORGIVEN,"//image.genie.co.kr/Y/IMAGE/IMG_ALBUM/083/779/626/83779626_1682991212396_1_140x140.JPG/dims/resize/Q_80,0"
16,IM HERO,임영웅,IM HERO,"//image.genie.co.kr/Y/IMAGE/IMG_ALBUM/082/638/032/82638032_1651479062721_1_140x140.JPG/dims/resize/Q_80,0"
17,모래 알갱이,임영웅,모래 알갱이,"//image.genie.co.kr/Y/IMAGE/IMG_ALBUM/083/883/344/83883344_1685931006480_1_140x140.JPG/dims/resize/Q_80,0"
18,내일은 미스터트롯 우승자 특전곡,임영웅,내일은 미스터트롯 우승자 특전곡,"//image.genie.co.kr/Y/IMAGE/IMG_ALBUM/081/410/156/81410156_1585878705990_1_140x140.JPG/dims/resize/Q_80,0"
19,IM HERO,임영웅,IM HERO,"//image.genie.co.kr/Y/IMAGE/IMG_ALBUM/082/638/032/82638032_1651479062721_1_140x140.JPG/dims/resize/Q_80,0"
20,YOUNHA 6th Album Repackage 'END THEORY : Final Edition',윤하 (YOUNHA),YOUNHA 6th Album Repackage 'END THEORY : Final Edition',"//image.genie.co.kr/Y/IMAGE/IMG_ALBUM/082/614/128/82614128_1648619377015_1_140x140.JPG/dims/resize/Q_80,0"
21,I've IVE,IVE (아이브),I've IVE,"//image.genie.co.kr/Y/IMAGE/IMG_ALBUM/083/665/559/83665559_1681116738103_1_140x140.JPG/dims/resize/Q_80,0"
22,IM HERO,임영웅,IM HERO,"//image.genie.co.kr/Y/IMAGE/IMG_ALBUM/082/638/032/82638032_1651479062721_1_140x140.JPG/dims/resize/Q_80,0"
23,Summer,Paul Blanco,Summer,"//image.genie.co.kr/Y/IMAGE/IMG_ALBUM/082/759/659/82759659_1655272635060_1_140x140.JPG/dims/resize/Q_80,0"
24,MY WORLD - The 3rd Mini Album,aespa,MY WORLD - The 3rd Mini Album,"//image.genie.co.kr/Y/IMAGE/IMG_ALBUM/083/793/925/83793925_1683534089577_1_140x140.JPG/dims/resize/Q_80,0"
25,Polaroid,임영웅,Polaroid,"//image.genie.co.kr/Y/IMAGE/IMG_ALBUM/083/180/213/83180213_1668490985544_1_140x140.JPG/dims/resize/Q_80,0"
26,Polaroid,임영웅,Polaroid,"//image.genie.co.kr/Y/IMAGE/IMG_ALBUM/083/180/213/83180213_1668490985544_1_140x140.JPG/dims/resize/Q_80,0"
27,IM HERO,임영웅,IM HERO,"//image.genie.co.kr/Y/IMAGE/IMG_ALBUM/082/638/032/82638032_1651479062721_1_140x140.JPG/dims/resize/Q_80,0"
28,심 (心),DK (디셈버),심 (心),"//image.genie.co.kr/Y/IMAGE/IMG_ALBUM/083/556/186/83556186_1676621348326_1_140x140.JPG/dims/resize/Q_80,0"
29,TEENFRESH,STAYC (스테이씨),TEENFRESH,"//image.genie.co.kr/Y/IMAGE/IMG_ALBUM/084/157/291/84157291_1691991021350_1_140x140.JPG/dims/resize/Q_80,0"
30,IM HERO,임영웅,IM HERO,"//image.genie.co.kr/Y/IMAGE/IMG_ALBUM/082/638/032/82638032_1651479062721_1_140x140.JPG/dims/resize/Q_80,0"
31,NewJeans 'OMG',NewJeans,NewJeans 'OMG',"//image.genie.co.kr/Y/IMAGE/IMG_ALBUM/083/325/577/83325577_1672649874616_1_140x140.JPG/dims/resize/Q_80,0"
32,IM HERO,임영웅,IM HERO,"//image.genie.co.kr/Y/IMAGE/IMG_ALBUM/082/638/032/82638032_1651479062721_1_140x140.JPG/dims/resize/Q_80,0"
33,IM HERO,임영웅,IM HERO,"//image.genie.co.kr/Y/IMAGE/IMG_ALBUM/082/638/032/82638032_1651479062721_1_140x140.JPG/dims/resize/Q_80,0"
34,IM HERO,임영웅,IM HERO,"//image.genie.co.kr/Y/IMAGE/IMG_ALBUM/082/638/032/82638032_1651479062721_1_140x140.JPG/dims/resize/Q_80,0"
35,IM HERO,임영웅,IM HERO,"//image.genie.co.kr/Y/IMAGE/IMG_ALBUM/082/638/032/82638032_1651479062721_1_140x140.JPG/dims/resize/Q_80,0"
36,IM HERO,임영웅,IM HERO,"//image.genie.co.kr/Y/IMAGE/IMG_ALBUM/082/638/032/82638032_1651479062721_1_140x140.JPG/dims/resize/Q_80,0"
37,CHARLIE,Charlie Puth,CHARLIE,"//image.genie.co.kr/Y/IMAGE/IMG_ALBUM/082/484/273/82484273_1665067200754_1_140x140.JPG/dims/resize/Q_80,0"
38,After LIKE,IVE (아이브),After LIKE,"//image.genie.co.kr/Y/IMAGE/IMG_ALBUM/082/912/984/82912984_1661135567760_1_140x140.JPG/dims/resize/Q_80,0"
39,엘리멘탈 (Original Motion Picture Soundtrack),Lauv,엘리멘탈 (Original Motion Picture Soundtrack),"//image.genie.co.kr/Y/IMAGE/IMG_ALBUM/083/932/963/83932963_1686789037649_1_140x140.JPG/dims/resize/Q_80,0"
40,기대 - The 2nd Mini Album,디오 (D.O.),기대 - The 2nd Mini Album,"//image.genie.co.kr/Y/IMAGE/IMG_ALBUM/084/246/455/84246455_1695025716980_1_140x140.JPG/dims/resize/Q_80,0"
41,UNFORGIVEN,LE SSERAFIM (르세라핌),UNFORGIVEN,"//image.genie.co.kr/Y/IMAGE/IMG_ALBUM/083/779/626/83779626_1682991212396_1_140x140.JPG/dims/resize/Q_80,0"
42,Lethality,권은비,Lethality,"//image.genie.co.kr/Y/IMAGE/IMG_ALBUM/083/066/601/83066601_1665545601657_1_140x140.JPG/dims/resize/Q_80,0"
43,H1-KEY 1st Mini Album (Rose Blossom),H1-KEY (하이키),H1-KEY 1st Mini Album (Rose Blossom),"//image.genie.co.kr/Y/IMAGE/IMG_ALBUM/083/343/048/83343048_1671754828445_1_140x140.JPG/dims/resize/Q_80,0"
44,LOVE DIVE,IVE (아이브),LOVE DIVE,"//image.genie.co.kr/Y/IMAGE/IMG_ALBUM/082/624/363/82624363_1649123068092_1_140x140.JPG/dims/resize/Q_80,0"
45,"잘 지내자, 우리 (여름날 우리 X 로이킴)",로이킴,"잘 지내자, 우리 (여름날 우리 X 로이킴)","//image.genie.co.kr/Y/IMAGE/IMG_ALBUM/084/011/548/84011548_1688552794542_1_140x140.JPG/dims/resize/Q_80,0"
46,취중고백,김민석 (멜로망스),취중고백,"//image.genie.co.kr/Y/IMAGE/IMG_ALBUM/082/443/459/82443459_1639718817315_1_140x140.JPG/dims/resize/Q_80,0"
47,NewJeans 1st EP 'New Jeans',NewJeans,NewJeans 1st EP 'New Jeans',"//image.genie.co.kr/Y/IMAGE/IMG_ALBUM/082/842/800/82842800_1659340238924_1_140x140.JPG/dims/resize/Q_80,0"
48,스트릿 우먼 파이터2 (SWF2) 계급미션,Crush,스트릿 우먼 파이터2 (SWF2) 계급미션,"//image.genie.co.kr/Y/IMAGE/IMG_ALBUM/084/193/518/84193518_1693904065753_1_140x140.JPG/dims/resize/Q_80,0"
49,다정히 내 이름을 부르면,경서예지 & 전건호,다정히 내 이름을 부르면,"//image.genie.co.kr/Y/IMAGE/IMG_ALBUM/082/051/769/82051769_1621328428038_1_140x140.JPG/dims/resize/Q_80,0"
50,사랑인가 봐 (사내맞선 OST 스페셜 트랙),멜로망스 (MeloMance),사랑인가 봐 (사내맞선 OST 스페셜 트랙),"//image.genie.co.kr/Y/IMAGE/IMG_ALBUM/082/540/759/82540759_1645152997958_1_140x140.JPG/dims/resize/Q_80,0"
51,KILL MY DOUBT,ITZY (있지),KILL MY DOUBT,"//image.genie.co.kr/Y/IMAGE/IMG_ALBUM/084/005/648/84005648_1690787085522_1_140x140.JPG/dims/resize/Q_80,0"
52,Nine Track Mind (Deluxe Edition),Charlie Puth,Nine Track Mind (Deluxe Edition),"//image.genie.co.kr/Y/IMAGE/IMG_ALBUM/080/673/272/80673272_1617265225691_1_140x140.JPG/dims/resize/Q_80,0"
53,NewJeans 'OMG',NewJeans,NewJeans 'OMG',"//image.genie.co.kr/Y/IMAGE/IMG_ALBUM/083/325/577/83325577_1672649874616_1_140x140.JPG/dims/resize/Q_80,0"
54,NewJeans 2nd EP 'Get Up',NewJeans,NewJeans 2nd EP 'Get Up',"//image.genie.co.kr/Y/IMAGE/IMG_ALBUM/084/019/740/84019740_1688692234715_1_140x140.JPG/dims/resize/Q_80,0"
55,ME,지수 (JISOO),ME,"//image.genie.co.kr/Y/IMAGE/IMG_ALBUM/083/687/323/83687323_1680228994484_1_140x140.JPG/dims/resize/Q_80,0"
56,별에서 온 그대 OST Part.7 (SBS 수목드라마),성시경,별에서 온 그대 OST Part.7 (SBS 수목드라마),"//image.genie.co.kr/Y/IMAGE/IMG_ALBUM/080/401/547/80401547_1392172764399_1_140x140.JPG/dims/resize/Q_80,0"
57,WSG워너비 1집,WSG워너비 (가야G),WSG워너비 1집,"//image.genie.co.kr/Y/IMAGE/IMG_ALBUM/082/814/458/82814458_1657270030475_1_140x140.JPG/dims/resize/Q_80,0"
58,Teddy Bear,STAYC (스테이씨),Teddy Bear,"//image.genie.co.kr/Y/IMAGE/IMG_ALBUM/083/506/719/83506719_1676363663803_1_140x140.JPG/dims/resize/Q_80,0"
59,전설,잔나비,전설,"//image.genie.co.kr/Y/IMAGE/IMG_ALBUM/081/172/042/81172042_1552452730746_1_140x140.JPG/dims/resize/Q_80,0"
60,사랑의 바보,제이세라 (J-Cera),사랑의 바보,"//image.genie.co.kr/Y/IMAGE/IMG_ALBUM/083/903/050/83903050_1686279583411_1_140x140.JPG/dims/resize/Q_80,0"
61,Dynamite (DayTime Ver.),방탄소년단,Dynamite (DayTime Ver.),"//image.genie.co.kr/Y/IMAGE/IMG_ALBUM/081/545/399/81545399_1600401677905_1_140x140.JPG/dims/resize/Q_80,0"
62,항해,AKMU (악뮤),항해,"//image.genie.co.kr/Y/IMAGE/IMG_ALBUM/081/271/853/81271853_1569396403906_1_140x140.JPG/dims/resize/Q_80,0"
63,ANTIFRAGILE,LE SSERAFIM (르세라핌),ANTIFRAGILE,"//image.genie.co.kr/Y/IMAGE/IMG_ALBUM/083/082/184/83082184_1665969939180_1_140x140.JPG/dims/resize/Q_80,0"
64,CHARLIE,Charlie Puth,CHARLIE,"//image.genie.co.kr/Y/IMAGE/IMG_ALBUM/082/484/273/82484273_1665067200754_1_140x140.JPG/dims/resize/Q_80,0"
65,Every DAY6 February,DAY6 (데이식스),Every DAY6 February,"//image.genie.co.kr/Y/IMAGE/IMG_ALBUM/080/919/666/80919666_1486113823984_1_140x140.JPG/dims/resize/Q_80,0"
66,SEVENTEEN 10th Mini Album 'FML',세븐틴 (SEVENTEEN),SEVENTEEN 10th Mini Album 'FML',"//image.genie.co.kr/Y/IMAGE/IMG_ALBUM/083/762/577/83762577_1682297728199_1_140x140.JPG/dims/resize/Q_80,0"
67,When I Get Old,Christopher & 청하,When I Get Old,"//image.genie.co.kr/Y/IMAGE/IMG_ALBUM/083/073/238/83073238_1665772282151_1_140x140.JPG/dims/resize/Q_80,0"
68,Stay,The Kid LAROI & Justin Bieber,Stay,"//image.genie.co.kr/Y/IMAGE/IMG_ALBUM/082/130/513/82130513_1625722837604_1_140x140.JPG/dims/resize/Q_80,0"
69,사랑하지 않아서 그랬어,임한별,사랑하지 않아서 그랬어,"//image.genie.co.kr/Y/IMAGE/IMG_ALBUM/083/684/144/83684144_1680242492859_1_140x140.JPG/dims/resize/Q_80,0"
70,스트릿 우먼 파이터2 (SWF2) 계급미션,미연 ((여자)아이들) & 우기 ((여자)아이들),스트릿 우먼 파이터2 (SWF2) 계급미션,"//image.genie.co.kr/Y/IMAGE/IMG_ALBUM/084/193/518/84193518_1693904065753_1_140x140.JPG/dims/resize/Q_80,0"
71,부석순 1st Single Album 'SECOND WIND',부석순 (SEVENTEEN),부석순 1st Single Album 'SECOND WIND',"//image.genie.co.kr/Y/IMAGE/IMG_ALBUM/083/519/066/83519066_1675749482269_1_140x140.JPG/dims/resize/Q_80,0"
72,5.3,10CM,5.3,"//image.genie.co.kr/Y/IMAGE/IMG_ALBUM/082/798/875/82798875_1656663217923_1_140x140.JPG/dims/resize/Q_80,0"
73,잠깐 시간 될까,이무진,잠깐 시간 될까,"//image.genie.co.kr/Y/IMAGE/IMG_ALBUM/083/807/543/83807543_1683600166370_1_140x140.JPG/dims/resize/Q_80,0"
74,I NEVER DIE,(여자)아이들,I NEVER DIE,"//image.genie.co.kr/Y/IMAGE/IMG_ALBUM/082/586/132/82586132_1647227017471_1_140x140.JPG/dims/resize/Q_80,0"
75,"Walkerverse, Pt. I",Alan Walker,"Walkerverse, Pt. I","//image.genie.co.kr/Y/IMAGE/IMG_ALBUM/082/638/202/82638202_1655369481808_1_140x140.JPG/dims/resize/Q_80,0"
76,나에게 그대만이,탑현,나에게 그대만이,"//image.genie.co.kr/Y/IMAGE/IMG_ALBUM/083/902/576/83902576_1686288357417_1_140x140.JPG/dims/resize/Q_80,0"
77,미친 사랑의 노래,김연지 & DK (디셈버),미친 사랑의 노래,"//image.genie.co.kr/Y/IMAGE/IMG_ALBUM/084/172/540/84172540_1692334976181_1_140x140.JPG/dims/resize/Q_80,0"
78,BORN PINK,BLACKPINK,BORN PINK,"//image.genie.co.kr/Y/IMAGE/IMG_ALBUM/082/912/188/82912188_1663300532914_1_140x140.JPG/dims/resize/Q_80,0"
79,Speak Your Mind (Deluxe),Anne-Marie,Speak Your Mind (Deluxe),"//image.genie.co.kr/Y/IMAGE/IMG_ALBUM/081/031/556/81031556_1656957034547_1_140x140.JPG/dims/resize/Q_80,0"
80,해요 (2022),#안녕,해요 (2022),"//image.genie.co.kr/Y/IMAGE/IMG_ALBUM/082/727/185/82727185_1654248208229_1_140x140.JPG/dims/resize/Q_80,0"
81,Dreamers (Music from the FIFA World Cup Qatar 2022 Official Soundtrack),정국 & 방탄소년단,Dreamers (Music from the FIFA World Cup Qatar 2022 Official Soundtrack),"//image.genie.co.kr/Y/IMAGE/IMG_ALBUM/083/196/201/83196201_1671520555194_1_140x140.JPG/dims/resize/Q_80,0"
82,삼남매가 용감하게 OST Part.1,김호중,삼남매가 용감하게 OST Part.1,"//image.genie.co.kr/Y/IMAGE/IMG_ALBUM/083/002/500/83002500_1663912084716_1_140x140.JPG/dims/resize/Q_80,0"
83,너의 시간 속으로 OST,김민석 (멜로망스),너의 시간 속으로 OST,"//image.genie.co.kr/Y/IMAGE/IMG_ALBUM/083/398/366/83398366_1694065643049_1_140x140.JPG/dims/resize/Q_80,0"
84,Justice,Justin Bieber,Justice,"//image.genie.co.kr/Y/IMAGE/IMG_ALBUM/081/955/089/81955089_1616129121840_1_140x140.JPG/dims/resize/Q_80,0"
85,A Love Supreme,SOLE (쏠),A Love Supreme,"//image.genie.co.kr/Y/IMAGE/IMG_ALBUM/084/269/208/84269208_1695003551343_1_140x140.JPG/dims/resize/Q_80,0"
86,Monologue,테이 (Tei),Monologue,"//image.genie.co.kr/Y/IMAGE/IMG_ALBUM/082/983/095/82983095_1666323297427_1_140x140.JPG/dims/resize/Q_80,0"
87,스트릿 맨 파이터(SMF) Original Vol.3 (계급미션),지코 (ZICO),스트릿 맨 파이터(SMF) Original Vol.3 (계급미션),"//image.genie.co.kr/Y/IMAGE/IMG_ALBUM/082/941/007/82941007_1662445894361_1_140x140.JPG/dims/resize/Q_80,0"
88,기대 - The 2nd Mini Album,디오 (D.O.),기대 - The 2nd Mini Album,"//image.genie.co.kr/Y/IMAGE/IMG_ALBUM/084/246/455/84246455_1695025716980_1_140x140.JPG/dims/resize/Q_80,0"
89,물론,허각,물론,"//image.genie.co.kr/Y/IMAGE/IMG_ALBUM/083/773/897/83773897_1682646768706_1_140x140.JPG/dims/resize/Q_80,0"
90,ONGOING,경서,ONGOING,"//image.genie.co.kr/Y/IMAGE/IMG_ALBUM/083/860/567/83860567_1685068731693_1_140x140.JPG/dims/resize/Q_80,0"
91,나의 X에게,경서,나의 X에게,"//image.genie.co.kr/Y/IMAGE/IMG_ALBUM/082/651/870/82651870_1650613662156_1_140x140.JPG/dims/resize/Q_80,0"
92,Butter,방탄소년단,Butter,"//image.genie.co.kr/Y/IMAGE/IMG_ALBUM/082/055/361/82055361_1621563082144_1_140x140.JPG/dims/resize/Q_80,0"
93,그냥 그렇게 됐어,지아 (Zia),그냥 그렇게 됐어,"//image.genie.co.kr/Y/IMAGE/IMG_ALBUM/084/272/219/84272219_1694764275727_1_140x140.JPG/dims/resize/Q_80,0"
94,나의 목소리로,김호중,나의 목소리로,"//image.genie.co.kr/Y/IMAGE/IMG_ALBUM/083/030/172/83030172_1664517404926_1_140x140.JPG/dims/resize/Q_80,0"
95,The Book of Us : Gravity,DAY6 (데이식스),The Book of Us : Gravity,"//image.genie.co.kr/Y/IMAGE/IMG_ALBUM/081/244/101/81244101_1563174738943_1_140x140.JPG/dims/resize/Q_80,0"
96,예뻤어 (여름날 우리 X 김민석 (멜로망스)),김민석 (멜로망스),예뻤어 (여름날 우리 X 김민석 (멜로망스)),"//image.genie.co.kr/Y/IMAGE/IMG_ALBUM/084/018/775/84018775_1688698334292_1_140x140.JPG/dims/resize/Q_80,0"
97,당신을 만나,김호중 & 송가인,당신을 만나,"//image.genie.co.kr/Y/IMAGE/IMG_ALBUM/083/456/811/83456811_1674613325236_1_140x140.JPG/dims/resize/Q_80,0"
98,NewJeans 2nd EP 'Get Up',NewJeans,NewJeans 2nd EP 'Get Up',"//image.genie.co.kr/Y/IMAGE/IMG_ALBUM/084/019/740/84019740_1688692234715_1_140x140.JPG/dims/resize/Q_80,0"
99,내가 아니라도,주호,내가 아니라도,"//image.genie.co.kr/Y/IMAGE/IMG_ALBUM/082/602/752/82602752_1648117827255_1_140x140.JPG/dims/resize/Q_80,0"
100,국화꽃 향기 OST,성시경,국화꽃 향기 OST,"//image.genie.co.kr/Y/IMAGE/IMG_ALBUM/015/027/331/15027331_1464600209946_1_140x140.JPG/dims/resize/Q_80,0"
101,I WANT,IVE (아이브),I WANT,"//image.genie.co.kr/Y/IMAGE/IMG_ALBUM/084/039/945/84039945_1689213634156_1_140x140.JPG/dims/resize/Q_80,0"
102,YOUNHA 6th Album 'END THEORY',윤하 (YOUNHA),YOUNHA 6th Album 'END THEORY',"//image.genie.co.kr/Y/IMAGE/IMG_ALBUM/082/393/286/82393286_1637039913011_1_140x140.JPG/dims/resize/Q_80,0"
103,ELEVEN,IVE (아이브),ELEVEN,"//image.genie.co.kr/Y/IMAGE/IMG_ALBUM/082/417/569/82417569_1638329272770_1_140x140.JPG/dims/resize/Q_80,0"
104,빛이 나는 너에게,던 (DAWN),빛이 나는 너에게,"//image.genie.co.kr/Y/IMAGE/IMG_ALBUM/083/727/409/83727409_1681346323239_1_140x140.JPG/dims/resize/Q_80,0"
105,YOU NEVER WALK ALONE,방탄소년단,YOU NEVER WALK ALONE,"//image.genie.co.kr/Y/IMAGE/IMG_ALBUM/080/921/195/80921195_1486716752321_1_140x140.JPG/dims/resize/Q_80,0"
106,BORN PINK,BLACKPINK,BORN PINK,"//image.genie.co.kr/Y/IMAGE/IMG_ALBUM/082/912/188/82912188_1663300532914_1_140x140.JPG/dims/resize/Q_80,0"
107,'키스 먼저 할까요?' OST Part. 3 (SBS 월화드라마),폴킴,'키스 먼저 할까요?' OST Part. 3 (SBS 월화드라마),"//image.genie.co.kr/Y/IMAGE/IMG_ALBUM/081/044/453/81044453_1521524523818_1_140x140.JPG/dims/resize/Q_80,0"
108,기대 - The 2nd Mini Album,디오 (D.O.),기대 - The 2nd Mini Album,"//image.genie.co.kr/Y/IMAGE/IMG_ALBUM/084/246/455/84246455_1695025716980_1_140x140.JPG/dims/resize/Q_80,0"
109,PANORAMA,김호중,PANORAMA,"//image.genie.co.kr/Y/IMAGE/IMG_ALBUM/082/853/724/82853724_1658905111206_1_140x140.JPG/dims/resize/Q_80,0"
110,빛이 나는 사람,김호중,빛이 나는 사람,"//image.genie.co.kr/Y/IMAGE/IMG_ALBUM/082/763/271/82763271_1655449446910_1_140x140.JPG/dims/resize/Q_80,0"
111,인생은 뷰티풀 : 비타돌체,김호중,인생은 뷰티풀 : 비타돌체,"//image.genie.co.kr/Y/IMAGE/IMG_ALBUM/082/952/361/82952361_1662533827668_1_140x140.JPG/dims/resize/Q_80,0"
112,I love,(여자)아이들,I love,"//image.genie.co.kr/Y/IMAGE/IMG_ALBUM/083/072/254/83072254_1665976983718_1_140x140.JPG/dims/resize/Q_80,0"
113,The Beginning : Cupid,FIFTY FIFTY,The Beginning : Cupid,"//image.genie.co.kr/Y/IMAGE/IMG_ALBUM/083/571/396/83571396_1677134962111_1_140x140.JPG/dims/resize/Q_80,0"
114,우리家,김호중,우리家,"//image.genie.co.kr/Y/IMAGE/IMG_ALBUM/081/561/948/81561948_1599205978578_1_140x140.JPG/dims/resize/Q_80,0"
115,민들레,우효,민들레,"//image.genie.co.kr/Y/IMAGE/IMG_ALBUM/080/951/521/80951521_1496128690403_1_140x140.JPG/dims/resize/Q_80,0"
116,복면가왕 47회,김필,복면가왕 47회,"//image.genie.co.kr/Y/IMAGE/IMG_ALBUM/080/792/545/80792545_1456050004407_1_140x140.JPG/dims/resize/Q_80,0"
117,Love & Loneliness,Peder Elias,Love & Loneliness,"//image.genie.co.kr/Y/IMAGE/IMG_ALBUM/082/044/844/82044844_1651133261932_1_140x140.JPG/dims/resize/Q_80,0"
118,우리家,김호중,우리家,"//image.genie.co.kr/Y/IMAGE/IMG_ALBUM/081/561/948/81561948_1599205978578_1_140x140.JPG/dims/resize/Q_80,0"
119,허용별 프로젝트 #1,허용별 (허각 & 신용재 & 임한별),허용별 프로젝트 #1,"//image.genie.co.kr/Y/IMAGE/IMG_ALBUM/084/189/350/84189350_1694335668483_1_140x140.JPG/dims/resize/Q_80,0"
120,슬기로운 의사생활 OST Part 3 (tvN 목요드라마),조정석,슬기로운 의사생활 OST Part 3 (tvN 목요드라마),"//image.genie.co.kr/Y/IMAGE/IMG_ALBUM/081/398/219/81398219_1585214325118_1_140x140.JPG/dims/resize/Q_80,0"
121,사실말야내가말야그게그러니까말이야,케이시 (Kassy),사실말야내가말야그게그러니까말이야,"//image.genie.co.kr/Y/IMAGE/IMG_ALBUM/083/881/061/83881061_1685688114722_1_140x140.JPG/dims/resize/Q_80,0"
122,Every Second,Mina Okabe,Every Second,"//image.genie.co.kr/Y/IMAGE/IMG_ALBUM/082/052/685/82052685_1621395929780_1_140x140.JPG/dims/resize/Q_80,0"
123,PANORAMA,김호중,PANORAMA,"//image.genie.co.kr/Y/IMAGE/IMG_ALBUM/082/853/724/82853724_1658905111206_1_140x140.JPG/dims/resize/Q_80,0"
124,Get A Guitar,RIIZE,Get A Guitar,"//image.genie.co.kr/Y/IMAGE/IMG_ALBUM/084/181/596/84181596_1693817383651_1_140x140.JPG/dims/resize/Q_80,0"
125,PANORAMA,김호중,PANORAMA,"//image.genie.co.kr/Y/IMAGE/IMG_ALBUM/082/853/724/82853724_1658905111206_1_140x140.JPG/dims/resize/Q_80,0"
126,HAPPEN,헤이즈 (Heize),HAPPEN,"//image.genie.co.kr/Y/IMAGE/IMG_ALBUM/082/051/546/82051546_1621497965521_1_140x140.JPG/dims/resize/Q_80,0"
127,Layover,V,Layover,"//image.genie.co.kr/Y/IMAGE/IMG_ALBUM/084/141/182/84141182_1691719112375_1_140x140.JPG/dims/resize/Q_80,0"
128,WHERE DOES SASQUATCH LIVE? PART 1,Zior Park,WHERE DOES SASQUATCH LIVE? PART 1,"//image.genie.co.kr/Y/IMAGE/IMG_ALBUM/083/547/302/83547302_1676521029077_1_140x140.JPG/dims/resize/Q_80,0"
129,신호등,이무진,신호등,"//image.genie.co.kr/Y/IMAGE/IMG_ALBUM/082/045/022/82045022_1620896061233_1_140x140.JPG/dims/resize/Q_80,0"
130,PANORAMA,김호중,PANORAMA,"//image.genie.co.kr/Y/IMAGE/IMG_ALBUM/082/853/724/82853724_1658905111206_1_140x140.JPG/dims/resize/Q_80,0"
131,A Giant Step,다이나믹 듀오 & 디제이 프리미어,A Giant Step,"//image.genie.co.kr/Y/IMAGE/IMG_ALBUM/080/448/757/80448757_1405475788747_1_140x140.JPG/dims/resize/Q_80,0"
132,PANORAMA,김호중,PANORAMA,"//image.genie.co.kr/Y/IMAGE/IMG_ALBUM/082/853/724/82853724_1658905111206_1_140x140.JPG/dims/resize/Q_80,0"
133,Golden Age - The 4th Album,NCT U,Golden Age - The 4th Album,"//image.genie.co.kr/Y/IMAGE/IMG_ALBUM/084/189/188/84189188_1693213119305_1_140x140.JPG/dims/resize/Q_80,0"
134,PANORAMA,김호중,PANORAMA,"//image.genie.co.kr/Y/IMAGE/IMG_ALBUM/082/853/724/82853724_1658905111206_1_140x140.JPG/dims/resize/Q_80,0"
135,멜로가 체질 OST Part 3 (JTBC 금토 드라마),장범준,멜로가 체질 OST Part 3 (JTBC 금토 드라마),"//image.genie.co.kr/Y/IMAGE/IMG_ALBUM/081/260/027/81260027_1566538606488_1_140x140.JPG/dims/resize/Q_80,0"
136,밤하늘의 별을 (2020),경서,밤하늘의 별을 (2020),"//image.genie.co.kr/Y/IMAGE/IMG_ALBUM/081/731/300/81731300_1613455604854_1_140x140.JPG/dims/resize/Q_80,0"
137,연인 OST Part.4,미연 ((여자)아이들),연인 OST Part.4,"//image.genie.co.kr/Y/IMAGE/IMG_ALBUM/084/173/979/84173979_1692349444153_1_140x140.JPG/dims/resize/Q_80,0"
138,ASTERUM : The Shape of Things to Come,PLAVE,ASTERUM : The Shape of Things to Come,"//image.genie.co.kr/Y/IMAGE/IMG_ALBUM/084/190/259/84190259_1692766701532_1_140x140.JPG/dims/resize/Q_80,0"
139,봄여름가을겨울 (Still Life),BIGBANG (빅뱅),봄여름가을겨울 (Still Life),"//image.genie.co.kr/Y/IMAGE/IMG_ALBUM/082/624/911/82624911_1649062753955_1_140x140.JPG/dims/resize/Q_80,0"
140,기대 - The 2nd Mini Album,디오 (D.O.),기대 - The 2nd Mini Album,"//image.genie.co.kr/Y/IMAGE/IMG_ALBUM/084/246/455/84246455_1695025716980_1_140x140.JPG/dims/resize/Q_80,0"
141,NIGHT DANCER,imase,NIGHT DANCER,"//image.genie.co.kr/Y/IMAGE/IMG_ALBUM/082/908/447/82908447_1660714837418_1_140x140.JPG/dims/resize/Q_80,0"
142,Red Moon : To You My Light,마크툽 (Maktub),Red Moon : To You My Light,"//image.genie.co.kr/Y/IMAGE/IMG_ALBUM/081/222/277/81222277_1559886717282_1_140x140.JPG/dims/resize/Q_80,0"
143,시작은 첫키스 OST Part.1,임재현,시작은 첫키스 OST Part.1,"//image.genie.co.kr/Y/IMAGE/IMG_ALBUM/083/763/087/83763087_1682327859933_1_140x140.JPG/dims/resize/Q_80,0"
144,NewJeans 1st EP 'New Jeans',NewJeans,NewJeans 1st EP 'New Jeans',"//image.genie.co.kr/Y/IMAGE/IMG_ALBUM/082/842/800/82842800_1659340238924_1_140x140.JPG/dims/resize/Q_80,0"
145,The Prelude,Pink Sweat$,The Prelude,"//image.genie.co.kr/Y/IMAGE/IMG_ALBUM/081/374/334/81374334_1595222244182_1_140x140.JPG/dims/resize/Q_80,0"
146,기대 - The 2nd Mini Album,디오 (D.O.),기대 - The 2nd Mini Album,"//image.genie.co.kr/Y/IMAGE/IMG_ALBUM/084/246/455/84246455_1695025716980_1_140x140.JPG/dims/resize/Q_80,0"
147,정이라고 하자,BIG Naughty (서동현),정이라고 하자,"//image.genie.co.kr/Y/IMAGE/IMG_ALBUM/082/645/633/82645633_1650352944627_1_140x140.JPG/dims/resize/Q_80,0"
148,한 개도 몰라,릴러말즈 (Leellamarz),한 개도 몰라,"//image.genie.co.kr/Y/IMAGE/IMG_ALBUM/084/260/716/84260716_1694581319738_1_140x140.JPG/dims/resize/Q_80,0"
149,WSG워너비 1집,WSG워너비 (4FIRE),WSG워너비 1집,"//image.genie.co.kr/Y/IMAGE/IMG_ALBUM/082/814/458/82814458_1657270030475_1_140x140.JPG/dims/resize/Q_80,0"
150,=,Ed Sheeran,=,"//image.genie.co.kr/Y/IMAGE/IMG_ALBUM/082/110/115/82110115_1654161923419_1_140x140.JPG/dims/resize/Q_80,0"
151,사랑하기 싫어,지아 (Zia),사랑하기 싫어,"//image.genie.co.kr/Y/IMAGE/IMG_ALBUM/083/574/618/83574618_1677205061184_1_140x140.JPG/dims/resize/Q_80,0"
152,SUMMER EPISODE,AKMU (악뮤),SUMMER EPISODE,"//image.genie.co.kr/Y/IMAGE/IMG_ALBUM/080/968/078/80968078_1500534316012_1_140x140.JPG/dims/resize/Q_80,0"
153,사랑하지 않아서 그랬니,지아 (Zia),사랑하지 않아서 그랬니,"//image.genie.co.kr/Y/IMAGE/IMG_ALBUM/083/959/495/83959495_1687336718089_1_140x140.JPG/dims/resize/Q_80,0"
154,LOVE me,BE'O (비오),LOVE me,"//image.genie.co.kr/Y/IMAGE/IMG_ALBUM/082/631/622/82631622_1649731154266_1_140x140.JPG/dims/resize/Q_80,0"
155,Weekend,태연 (TAEYEON),Weekend,"//image.genie.co.kr/Y/IMAGE/IMG_ALBUM/082/126/712/82126712_1625554274209_1_140x140.JPG/dims/resize/Q_80,0"
156,Layover,V,Layover,"//image.genie.co.kr/Y/IMAGE/IMG_ALBUM/084/141/182/84141182_1691719112375_1_140x140.JPG/dims/resize/Q_80,0"
157,IU 5th Album 'LILAC',아이유 (IU),IU 5th Album 'LILAC',"//image.genie.co.kr/Y/IMAGE/IMG_ALBUM/081/867/444/81867444_1616662460652_1_140x140.JPG/dims/resize/Q_80,0"
158,쇼미더머니 11 Episode 3,이영지,쇼미더머니 11 Episode 3,"//image.genie.co.kr/Y/IMAGE/IMG_ALBUM/083/311/242/83311242_1671174043157_1_140x140.JPG/dims/resize/Q_80,0"
159,Next Level,aespa,Next Level,"//image.genie.co.kr/Y/IMAGE/IMG_ALBUM/082/049/997/82049997_1621238537359_1_140x140.JPG/dims/resize/Q_80,0"
160,Still With You,정국,Still With You,"//image.genie.co.kr/Y/IMAGE/IMG_ALBUM/083/997/096/83997096_1688102135631_1_140x140.JPG/dims/resize/Q_80,0"
161,Love poem,아이유 (IU),Love poem,"//image.genie.co.kr/Y/IMAGE/IMG_ALBUM/081/297/613/81297613_1574066356132_1_140x140.JPG/dims/resize/Q_80,0"
162,FEARLESS,LE SSERAFIM (르세라핌),FEARLESS,"//image.genie.co.kr/Y/IMAGE/IMG_ALBUM/082/669/125/82669125_1651458341829_1_140x140.JPG/dims/resize/Q_80,0"
163,INVU - The 3rd Album,태연 (TAEYEON),INVU - The 3rd Album,"//image.genie.co.kr/Y/IMAGE/IMG_ALBUM/082/529/386/82529386_1644820151763_1_140x140.JPG/dims/resize/Q_80,0"
164,Say I Love You (Re : WIND 4MEN Vol.04),우디 (Woody),Say I Love You (Re : WIND 4MEN Vol.04),"//image.genie.co.kr/Y/IMAGE/IMG_ALBUM/083/327/370/83327370_1671527785845_1_140x140.JPG/dims/resize/Q_80,0"
165,OHAYO MY NIGHT,디핵 (D-Hack) & PATEKO,OHAYO MY NIGHT,"//image.genie.co.kr/Y/IMAGE/IMG_ALBUM/081/479/869/81479869_1592554370128_1_140x140.JPG/dims/resize/Q_80,0"
166,Better Things,aespa,Better Things,"//image.genie.co.kr/Y/IMAGE/IMG_ALBUM/084/169/207/84169207_1692265444312_1_140x140.JPG/dims/resize/Q_80,0"
167,That's Not How This Works,Charlie Puth,That's Not How This Works,"//image.genie.co.kr/Y/IMAGE/IMG_ALBUM/083/674/087/83674087_1680016534948_1_140x140.JPG/dims/resize/Q_80,0"
168,Candy - Winter Special Mini Album,NCT DREAM,Candy - Winter Special Mini Album,"//image.genie.co.kr/Y/IMAGE/IMG_ALBUM/083/310/995/83310995_1671162581876_1_140x140.JPG/dims/resize/Q_80,0"
169,사랑..그게 뭔데,지아 (Zia),사랑..그게 뭔데,"//image.genie.co.kr/Y/IMAGE/IMG_ALBUM/083/815/849/83815849_1683801280801_1_140x140.JPG/dims/resize/Q_80,0"
170,Golden Hourglass,오마이걸 (OH MY GIRL),Golden Hourglass,"//image.genie.co.kr/Y/IMAGE/IMG_ALBUM/084/055/400/84055400_1689572432655_1_140x140.JPG/dims/resize/Q_80,0"
171,기대 - The 2nd Mini Album,디오 (D.O.),기대 - The 2nd Mini Album,"//image.genie.co.kr/Y/IMAGE/IMG_ALBUM/084/246/455/84246455_1695025716980_1_140x140.JPG/dims/resize/Q_80,0"
172,그대를 그대를,이예은 & 전건호 & 아샤트리,그대를 그대를,"//image.genie.co.kr/Y/IMAGE/IMG_ALBUM/084/238/845/84238845_1694150527976_1_140x140.JPG/dims/resize/Q_80,0"
173,PROTOTYPE RESEARCH #0063,김승민,PROTOTYPE RESEARCH #0063,"//image.genie.co.kr/Y/IMAGE/IMG_ALBUM/082/324/427/82324427_1634605967340_1_140x140.JPG/dims/resize/Q_80,0"
174,도깨비 OST Part 9 (tvN 금토드라마),에일리 (Ailee),도깨비 OST Part 9 (tvN 금토드라마),"//image.genie.co.kr/Y/IMAGE/IMG_ALBUM/080/911/488/80911488_1483696444510_1_140x140.JPG/dims/resize/Q_80,0"
175,싸다9,싸이 (Psy),싸다9,"//image.genie.co.kr/Y/IMAGE/IMG_ALBUM/082/662/688/82662688_1651196114166_1_140x140.JPG/dims/resize/Q_80,0"
176,The NuTs,더 넛츠 (The Nuts),The NuTs,"//image.genie.co.kr/Y/IMAGE/IMG_ALBUM/015/028/718/15028718_1405478682629_1_140x140.JPG/dims/resize/Q_80,0"
177,ASTERUM : The Shape of Things to Come,PLAVE,ASTERUM : The Shape of Things to Come,"//image.genie.co.kr/Y/IMAGE/IMG_ALBUM/084/190/259/84190259_1692766701532_1_140x140.JPG/dims/resize/Q_80,0"
178,최고의 사랑 OST Part.4 (MBC 수목드라마),아이유 (IU),최고의 사랑 OST Part.4 (MBC 수목드라마),"//image.genie.co.kr/Y/IMAGE/IMG_ALBUM/080/257/897/80257897_1306206125910_1_140x140.JPG/dims/resize/Q_80,0"
179,Under the Surface,Christopher,Under the Surface,"//image.genie.co.kr/Y/IMAGE/IMG_ALBUM/081/051/809/81051809_1588127109810_1_140x140.JPG/dims/resize/Q_80,0"
180,ASTERUM : The Shape of Things to Come,PLAVE,ASTERUM : The Shape of Things to Come,"//image.genie.co.kr/Y/IMAGE/IMG_ALBUM/084/190/259/84190259_1692766701532_1_140x140.JPG/dims/resize/Q_80,0"
181,떠나보낼 준비해 둘걸 그랬어,임한별,떠나보낼 준비해 둘걸 그랬어,"//image.genie.co.kr/Y/IMAGE/IMG_ALBUM/083/083/139/83083139_1666077446742_1_140x140.JPG/dims/resize/Q_80,0"
182,Stronger (What Doesn't Kill You),Kelly Clarkson,Stronger (What Doesn't Kill You),"//image.genie.co.kr/Y/IMAGE/IMG_ALBUM/080/282/407/80282407_1652028327153_1_140x140.JPG/dims/resize/Q_80,0"
183,ASTERUM,PLAVE,ASTERUM,"//image.genie.co.kr/Y/IMAGE/IMG_ALBUM/083/613/843/83613843_1678350645255_1_140x140.JPG/dims/resize/Q_80,0"
184,Over The Moon,이채연,Over The Moon,"//image.genie.co.kr/Y/IMAGE/IMG_ALBUM/083/699/369/83699369_1681177236277_1_140x140.JPG/dims/resize/Q_80,0"
185,NEXT EPISODE,AKMU (악뮤),NEXT EPISODE,"//image.genie.co.kr/Y/IMAGE/IMG_ALBUM/082/154/563/82154563_1627285856162_1_140x140.JPG/dims/resize/Q_80,0"
186,÷ (Deluxe),Ed Sheeran,÷ (Deluxe),"//image.genie.co.kr/Y/IMAGE/IMG_ALBUM/080/911/494/80911494_1484644569534_1_140x140.JPG/dims/resize/Q_80,0"
187,에잇,아이유 (IU),에잇,"//image.genie.co.kr/Y/IMAGE/IMG_ALBUM/081/434/107/81434107_1588747979387_1_140x140.JPG/dims/resize/Q_80,0"
188,Red Moon : Beyond The Light,마크툽 (Maktub),Red Moon : Beyond The Light,"//image.genie.co.kr/Y/IMAGE/IMG_ALBUM/082/266/898/82266898_1631855214410_1_140x140.JPG/dims/resize/Q_80,0"
189,거리에서,릴러말즈 (Leellamarz),거리에서,"//image.genie.co.kr/Y/IMAGE/IMG_ALBUM/084/149/266/84149266_1691737753779_1_140x140.JPG/dims/resize/Q_80,0"
190,세 번째 '고백',멜로망스 (MeloMance),세 번째 '고백',"//image.genie.co.kr/Y/IMAGE/IMG_ALBUM/082/215/884/82215884_1630051973827_1_140x140.JPG/dims/resize/Q_80,0"
191,ASTERUM : The Shape of Things to Come,PLAVE,ASTERUM : The Shape of Things to Come,"//image.genie.co.kr/Y/IMAGE/IMG_ALBUM/084/190/259/84190259_1692766701532_1_140x140.JPG/dims/resize/Q_80,0"
192,Left and Right,Charlie Puth & 정국 & 방탄소년단,Left and Right,"//image.genie.co.kr/Y/IMAGE/IMG_ALBUM/082/777/117/82777117_1655825727342_1_140x140.JPG/dims/resize/Q_80,0"
193,NewJeans 2nd EP 'Get Up',NewJeans,NewJeans 2nd EP 'Get Up',"//image.genie.co.kr/Y/IMAGE/IMG_ALBUM/084/019/740/84019740_1688692234715_1_140x140.JPG/dims/resize/Q_80,0"
194,Layover,V,Layover,"//image.genie.co.kr/Y/IMAGE/IMG_ALBUM/084/141/182/84141182_1691719112375_1_140x140.JPG/dims/resize/Q_80,0"
195,ONE,이찬원,ONE,"//image.genie.co.kr/Y/IMAGE/IMG_ALBUM/083/555/400/83555400_1676856314788_1_140x140.JPG/dims/resize/Q_80,0"
196,In The Lonely Hour (Standard Edition),Sam Smith,In The Lonely Hour (Standard Edition),"//image.genie.co.kr/Y/IMAGE/IMG_ALBUM/080/437/332/80437332_1401155109262_1_140x140.JPG/dims/resize/Q_80,0"
197,혼자라고 생각말기,임한별,혼자라고 생각말기,"//image.genie.co.kr/Y/IMAGE/IMG_ALBUM/083/900/506/83900506_1686191038795_1_140x140.JPG/dims/resize/Q_80,0"
198,Take,숀 (SHAUN),Take,"//image.genie.co.kr/Y/IMAGE/IMG_ALBUM/081/078/885/81078885_1530075209642_1_140x140.JPG/dims/resize/Q_80,0"
199,Get A Guitar,RIIZE,Get A Guitar,"//image.genie.co.kr/Y/IMAGE/IMG_ALBUM/084/181/596/84181596_1693817383651_1_140x140.JPG/dims/resize/Q_80,0"
200,사랑이라 쓰고 이별이라 읽어,송하예,사랑이라 쓰고 이별이라 읽어,"//image.genie.co.kr/Y/IMAGE/IMG_ALBUM/084/245/748/84245748_1694162754819_1_140x140.JPG/dims/resize/Q_80,0"
